<?xml version="1.0" encoding="UTF-8" standalone="yes"?>
<addon id="plugin.video.simplevideos" name="Simple Videos" version="1.0.0" provider-name="ChatGPT">
    <requires>
        <import addon="xbmc.python" version="3.0.0"/>
    </requires>
    <extension point="xbmc.addon.metadata">
        <summary lang="en">A simple video add-on with sample URLs, thumbnails, and marks.</summary>
        <description lang="en">Browse and play a few sample videos by URL. Each item shows a title, image, and a mark like [HD] or [NEW].</description>
        <platform>all</platform>
        <license>MIT</license>
        <source>local</source>
        <email>none</email>
    </extension>
    <extension point="xbmc.python.pluginsource" library="plugin.py">
        <provides>video</provides>
    </extension>
</addon>
